<?xml version="1.0" encoding="utf-8"?>
<Tasks xmlns:xsi="http://www.w3.org/2001/XMLSchema-instance" xmlns:xsd="http://www.w3.org/2001/XMLSchema">
	<LogFile>Log\Pyramid_BASE_LA_{0:yyyyMMdd_hhmmss}.LOG</LogFile>
	<TaskItem xsi:type="TaskItemLoadData">
		<Name>Pyramid_Load_BASE_LA</Name>
		<LoadType>CSV</LoadType>
			<CSVDelimiter>|</CSVDelimiter>
			<CSVQuote>^</CSVQuote>
			<CSVEscape>^</CSVEscape>
		<DestinationTable>[dbo].[Pyramid_tmp_BASE]</DestinationTable>
		<InputFile>Input\Pyramid_BASE_LA.csv</InputFile>
		<MonitoringName>Pyramid BASE LA Load</MonitoringName>
		<MonitoringId>58</MonitoringId>
	</TaskItem>
	<TaskItem xsi:type="TaskItemQuery">
		<Name>Pyramid_Transform_BASE_LA</Name>
		<Enabled>True</Enabled>
		<Query>sp_Pyramid_transform_BASE</Query>
		<QueryType>StoredProcedure</QueryType>
		<Parameter>
			<Key>Region</Key>
			<Value xsi:type="xsd:string">LA</Value>
		</Parameter>
		<Parameter>
			<Key>MonitoringId</Key>
			<Value xsi:type="xsd:int">59</Value>
		</Parameter>
	</TaskItem>
</Tasks>