<?xml version="1.0" encoding="utf-8"?>
<Tasks xmlns:xsi="http://www.w3.org/2001/XMLSchema-instance" xmlns:xsd="http://www.w3.org/2001/XMLSchema">
	<LogFile>Log\REPORT_NL_AMS_{0:yyyyMMdd_hhmmss}.LOG</LogFile>
	<TaskItem xsi:type="TaskItemQuery">
      <Name>Serial Number Update</Name>
	  <Enabled>False</Enabled>
      <Query>[dbo].[sp_SN_Update]</Query>
      <QueryType>StoredProcedure</QueryType>
    </TaskItem>
	<TaskItem xsi:type="TaskItemARMassChange">
		<Name>AMS submission</Name>
		<Enabled>True</Enabled>
		<MonitoringEnabled>True</MonitoringEnabled>
		<MonitoringName>Weekly submission AMS</MonitoringName>
		<MonitoringId>52</MonitoringId>
		<OutputFileAssetGroup>Output\{1:N0} Records AMS Pyramid Mass Change Form - Asset Group - {0:ddMMMyyyy}.xlsx</OutputFileAssetGroup>
		<OutputFileSerialNumber>Output\{1:N0} Records AMS Pyramid Mass Change Form - Serial Number - {0:ddMMMyyyy}.xlsx</OutputFileSerialNumber>
		<OutputFileParent>Output\AMS_Investigation_{0:ddMMMyyyy}.xlsx</OutputFileParent>
		<SheetAssetGroup>Mass Change Form</SheetAssetGroup>
		<SheetSerialNumber>Mass Change Form</SheetSerialNumber>
		<SheetParent>Parents</SheetParent>
		<TemplateFileAssetGroup>Templates\template_pmcf_asset_group.xlsx</TemplateFileAssetGroup>
		<TemplateFileSerialNumber>Templates\template_pmcf_serial_number.xlsx</TemplateFileSerialNumber>
		<TemplateFileParent>Templates\template_report.xlsx</TemplateFileParent>
		<SMTPserver>smtp-emea.svcs.hpe.com</SMTPserver>
		<EmailFrom>d3.ams@hpe.com</EmailFrom>
		<EmailTo>jeffrey.larochelle@hpe.com;kathleen.blair@hpe.com;jonathan.zuelch@hpe.com</EmailTo>
		<EmailCC>lubos.gajdosik@hpe.com;stefanik@hpe.com;roisin.breiner@hpe.com;madhavan.sudhakar@hpe.com;patrik.kovacs@hpe.com</EmailCC>
		<EmailTest>False</EmailTest>
		<EmailSubject>{0} New weekly leases submission to Review (AMS)</EmailSubject>
		<EmailBody>&lt;html&gt;
&lt;head&gt;
&lt;style&gt;
&lt;!--
 /* Font Definitions */
 @font-face
	{{font-family:"Cambria Math";
	panose-1:2 4 5 3 5 4 6 3 2 4;}}
@font-face
	{{font-family:Calibri;
	panose-1:2 15 5 2 2 2 4 3 2 4;}}
 /* Style Definitions */
 p.MsoNormal, li.MsoNormal, div.MsoNormal
	{{margin:0in;
	margin-bottom:.0001pt;
	font-size:11.0pt;
	font-family:"Calibri",sans-serif;}}
.MsoChpDefault
	{{font-family:"Calibri",sans-serif;}}
.MsoPapDefault
	{{margin-bottom:8.0pt;
	line-height:107%;}}
.MsoListParagraph
	{{mso-style-priority:34;
	margin-top:0in;
	margin-right:0in;
	margin-bottom:0in;
	margin-left:.5in;
	margin-bottom:.0001pt;
	font-size:11.0pt;
	font-family:"Calibri",sans-serif;}}
@page WordSection1
	{{size:8.5in 11.0in;
	margin:1.0in 1.0in 1.0in 1.0in;}}
div.WordSection1
	{{page:WordSection1;}}
--&gt;
&lt;/style&gt;
&lt;/head&gt;
&lt;body lang=EN-US&gt;
&lt;div class=WordSection1&gt;
&lt;h1 class=header style='padding-top:11px;padding-left:5px;height:50px;background:#425563;color:white;width:559px;font-family: "Metric",arial;'&gt;ARA Submission&lt;/h1&gt;
&lt;p class=MsoNormal&gt;&lt;b&gt;Matched results&lt;/b&gt;&lt;/p&gt;
&lt;table class=MsoNormalTable border=0 cellspacing=0 cellpadding=0 width=420&gt;
 &lt;tr style='height:15.0pt'&gt;
  &lt;td width=187 nowrap style='width:200pt;border:solid windowtext 1.0pt;background:#01A982;padding:0in 5.4pt 0in 5.4pt;height:14.35pt'&gt;
   &lt;p class=MsoNormal&gt;&lt;span style='color:white'&gt;Responsible Entity Name&lt;/span&gt;&lt;/p&gt;
  &lt;/td&gt;
  &lt;td width=161 nowrap valign=bottom style='width:120pt;border:solid windowtext 1.0pt;border-left:none;background:#01A982;padding:0in 5.4pt 0in 5.4pt;height:14.35pt'&gt;
   &lt;p class=MsoNormal&gt;&lt;span style='color:white'&gt;# of updated records:&lt;/span&gt;&lt;/p&gt;
  &lt;/td&gt;
  &lt;td width=100 nowrap style='width:100pt;border:solid windowtext 1.0pt;border-left:none;background:#01A982;padding:0in 5.4pt 0in 5.4pt;height:14.35pt'&gt;
   &lt;p class=MsoNormal align=center style='text-align:center'&gt;&lt;span style='color:white'&gt;RLS in &lt;b&gt;$ :&lt;/b&gt;&lt;/span&gt;&lt;/p&gt;
  &lt;/td&gt;
 &lt;/tr&gt; 
 {1} 
&lt;/table&gt;
&lt;p class=MsoNormal&gt;&amp;nbsp;&lt;span style='color:#1F497D'&gt;&lt;/span&gt;&lt;/p&gt;
&lt;p class=MsoNormal&gt;&lt;b&gt;Mapped results&lt;/b&gt;&lt;/p&gt;
&lt;table class=MsoNormalTable border=0 cellspacing=0 cellpadding=0 width=420&gt;
 &lt;tr style='height:15.0pt'&gt;
  &lt;td width=187 nowrap style='width:200pt;border:solid windowtext 1.0pt;background:#01A982;padding:0in 5.4pt 0in 5.4pt;height:14.35pt'&gt;
   &lt;p class=MsoNormal&gt;&lt;span style='color:white'&gt;Responsible Entity Name&lt;/span&gt;&lt;/p&gt;
  &lt;/td&gt;
  &lt;td width=161 nowrap valign=bottom style='width:120pt;border:solid windowtext 1.0pt;border-left:none;background:#01A982;padding:0in 5.4pt 0in 5.4pt;height:14.35pt'&gt;
   &lt;p class=MsoNormal&gt;&lt;span style='color:white'&gt;# of updated records:&lt;/span&gt;&lt;/p&gt;
  &lt;/td&gt;
  &lt;td width=100 nowrap style='width:100pt;border:solid windowtext 1.0pt;border-left:none;background:#01A982;padding:0in 5.4pt 0in 5.4pt;height:14.35pt'&gt;
   &lt;p class=MsoNormal align=center style='text-align:center'&gt;&lt;span style='color:white'&gt;RLS in &lt;b&gt;$ :&lt;/b&gt;&lt;/span&gt;&lt;/p&gt;
  &lt;/td&gt;
 &lt;/tr&gt; 
 {2} 
&lt;/table&gt;
&lt;p class=MsoNormal&gt;&amp;nbsp;&lt;/p&gt;
&lt;p class=MsoNormal&gt;Provided are {3} files:&lt;/p&gt;
&lt;p class=MsoListParagraph style='text-indent:-.25in;mso-list:l0 level1 lfo1'&gt;
&lt;span style='mso-list:Ignore'&gt;- &lt;span style='font:7.0pt "Times New Roman"'&gt;&amp;nbsp;&amp;nbsp;&amp;nbsp;&amp;nbsp;&amp;nbsp;&amp;nbsp; &lt;/span&gt;&lt;/span&gt;
Investigation file
&lt;/p&gt;

{4}

&lt;p class=MsoNormal&gt;&amp;nbsp;&lt;/p&gt;
&lt;p class=MsoNormal&gt;If you have any questions please contact us.&lt;/p&gt;
&lt;p class=MsoNormal&gt;&amp;nbsp;&lt;/p&gt;
&lt;p class=MsoNormal&gt;Thanks in advance&lt;/p&gt;
&lt;p class=MsoNormal&gt;&amp;nbsp;&lt;/p&gt;
&lt;p class=MsoNormal&gt;BR,&lt;/p&gt;
&lt;p class=MsoNormal&gt;ARA team&lt;/p&gt;
&lt;p class=MsoNormal&gt;&amp;nbsp;&lt;/p&gt;
&lt;/div&gt;
&lt;/body&gt;
&lt;/html&gt;
		</EmailBody>
		
		<EmailBodyEmpty>&lt;html&gt;
&lt;head&gt;
&lt;style&gt;
&lt;!--
 /* Font Definitions */
 @font-face
	{{font-family:"Cambria Math";
	panose-1:2 4 5 3 5 4 6 3 2 4;}}
@font-face
	{{font-family:Calibri;
	panose-1:2 15 5 2 2 2 4 3 2 4;}}
 /* Style Definitions */
 p.MsoNormal, li.MsoNormal, div.MsoNormal
	{{margin:0in;
	margin-bottom:.0001pt;
	font-size:11.0pt;
	font-family:"Calibri",sans-serif;}}
.MsoChpDefault
	{{font-family:"Calibri",sans-serif;}}
.MsoPapDefault
	{{margin-bottom:8.0pt;
	line-height:107%;}}
.MsoListParagraph
	{{mso-style-priority:34;
	margin-top:0in;
	margin-right:0in;
	margin-bottom:0in;
	margin-left:.5in;
	margin-bottom:.0001pt;
	font-size:11.0pt;
	font-family:"Calibri",sans-serif;}}
@page WordSection1
	{{size:8.5in 11.0in;
	margin:1.0in 1.0in 1.0in 1.0in;}}
div.WordSection1
	{{page:WordSection1;}}
--&gt;
&lt;/style&gt;
&lt;/head&gt;
&lt;body lang=EN-US&gt;
&lt;div class=WordSection1&gt;
&lt;h1 class=header style='padding-top:11px;padding-left:5px;height:50px;background:#425563;color:white;width:559px;font-family: "Metric",arial;'&gt;ARA Submission&lt;/h1&gt;
&lt;p class=MsoNormal&gt;There were no subbmisions.&lt;/p&gt;
&lt;p class=MsoNormal&gt;&amp;nbsp;&lt;/p&gt;
&lt;p class=MsoNormal&gt;If you have any questions please contact us.&lt;/p&gt;
&lt;p class=MsoNormal&gt;&amp;nbsp;&lt;/p&gt;
&lt;p class=MsoNormal&gt;Thanks in advance&lt;/p&gt;
&lt;p class=MsoNormal&gt;&amp;nbsp;&lt;/p&gt;
&lt;p class=MsoNormal&gt;BR,&lt;/p&gt;
&lt;p class=MsoNormal&gt;ARA team&lt;/p&gt;
&lt;p class=MsoNormal&gt;&amp;nbsp;&lt;/p&gt;
&lt;/div&gt;
&lt;/body&gt;
&lt;/html&gt;
</EmailBodyEmpty>
		<QueryAssetGroup>SELECT [Pyramid Asset Code] [Asset Code]
	,[Pyramid Schedule Number] [Lease Schedule #]
	,[Pyramid Lessee Name] [Lessee Name]
	,[Pyramid Customer Code] [Customer Code]
	,[Pyramid Country] Country
	,[Pyramid WBS Code] [WBS#]
	,[Pyramid PO Number] [Current Pyramid PO#]
	,[Pyramid Serial Number] [Current Pyramid Serial #]
	,[Pyramid Asset Group] [Current Pyramid Asset Group]
	,asset_code_of_parent [Asset Group to Update ( Asset Code)]
	,'AsM Audit Remediation Corrections Submission - Kovacs, Patrik - ' + FORMAT( getdate(), 'ddMMMyyyy' , 'en-US' ) [Comments]
FROM dbo.v_Pyramid p
LEFT JOIN Account_regions a ON p.[Responsible Entity Name] = a.[Responsible Entity Name]
WHERE mark_for_report = 1 
AND reported IN (0, 2)
AND (((p.[Responsible Entity Name] LIKE '%capability%'  OR p.[Responsible Entity Name] IS NULL OR p.[Responsible Entity Name] = '' OR a.[Responsible Entity Name] IS NULL) 
	AND p.[Pyramid Region] IN (SELECT [Pyramid Region] FROM Mapping_regions WHERE Region = 'AMS')) OR (p.[Responsible Entity Name] not like '%capability%' AND a.Region IN ('AMS')))
AND [Pyramid Asset Group] &lt;&gt; asset_code_of_parent --AND [Responsible Entity Name] = '{0}'
ORDER BY p.[Responsible Entity Name]
		</QueryAssetGroup>
		<QuerySerialNumber>SELECT
	[Pyramid Asset Code] [Asset Code]
	,[Pyramid Schedule Number] [Lease Schedule #]
	,[Pyramid Lessee Name] [Lessee Name]
	,[Pyramid Customer Code] [Customer Code]
	,[Pyramid Country] Country
	,[Pyramid WBS Code] [WBS#]
	,[Pyramid PO Number] [Current Pyramid PO#]
	,[Pyramid Serial Number] [Current Pyramid Serial #]
	,[correct_serial_number] [Serial Number to Update]
	,'' [Manufacturer to update]
	,'' [PO Number to update]
	,'AsM Audit Remediation Corrections Submission - Kovacs, Patrik - ' + FORMAT( getdate(), 'ddMMMyyyy' , 'en-US' ) [Comments]
FROM dbo.v_Pyramid p
LEFT JOIN Account_regions a ON p.[Responsible Entity Name] = a.[Responsible Entity Name]
WHERE mark_for_report = 1 
AND reported IN (0, 1)
AND (((p.[Responsible Entity Name] LIKE '%capability%'  OR p.[Responsible Entity Name] IS NULL OR p.[Responsible Entity Name] = '' OR a.[Responsible Entity Name] IS NULL) 
	AND p.[Pyramid Region] IN (SELECT [Pyramid Region] FROM Mapping_regions WHERE Region = 'AMS')) OR (p.[Responsible Entity Name] not like '%capability%' AND a.Region IN ('AMS')))
AND [correct_serial_number] IS NOT NULL --AND [Responsible Entity Name] = '{0}'
ORDER BY p.[Responsible Entity Name]
		</QuerySerialNumber>
		<QueryParent>SELECT 
	t1.[Pyramid Asset Group],
	t1.[Pyramid Asset Code],
	t1.[Pyramid Parent Indicator],
	t1.[Pyramid Asset Type],
	t1.[Pyramid Region],
	t1.[Pyramid Customer Code],
	t1.[Pyramid Lessee Name],
	t1.[Responsible Entity],
	t1.[Responsible Entity Name],
	t1.[Pyramid Business Unit],
	t1.[Pyramid HPFS Location Code],
	t1.[Pyramid Location],
	t1.[Pyramid Contract Code],
	t1.[Pyramid Term],
	t1.[Pyramid Lease Start Date],
	t1.[Pyramid Expiry Date],
	t1.[Pyramid Acceptance Date],
	t1.[Pyramid Remaining Term],
	t1.[Pyramid Schedule Number],
	t1.[Pyramid Equipment Type],
	t1.[Pyramid Equipment Cost],
	t1.[Pyramid Manufacturer],
	t1.[Pyramid Part Number],
	t1.[Pyramid Asset Description],
	t1.[Pyramid Serial Number],
	isnull(t1.[correct_serial_number], '') AS 'Serial Number Correction',
	CASE WHEN t1.asset_code_of_parent IS NOT NULL THEN isnull(t2.[correct_serial_number], t2.[Pyramid Serial Number])
		ELSE ''
	END AS 'Parent Serial Number',
	isnull(t1.asset_code_of_parent, '') AS 'Asset Group Correction',
	CASE 
		WHEN t1.is_child = 1 AND t1.asset_code_of_parent IS NOT NULL THEN 'Child''s parent update'
		ELSE 
		CASE WHEN t1.[source_of_match] = 0 OR t1.[source_of_match] IS NULL THEN 'Unmatched parent' 
			ELSE 
			CASE WHEN t1.is_child = 0 THEN 'Parent matched in source: ' ELSE 'Child matched in source: ' END
			 + SUBSTRING(CONCAT(
				CASE WHEN t1.[source_of_match] &amp; 1 &gt; 0 THEN ',ESL' ELSE '' END, 
				CASE WHEN t1.[source_of_match] &amp; 2 &gt; 0 THEN ',CMDB' ELSE '' END, 
				CASE WHEN t1.[source_of_match] &amp; 4 &gt; 0 THEN ',DOMS' ELSE '' END, 
				CASE WHEN t1.[source_of_match] &amp; 8 &gt; 0 THEN ',AC/AMI' ELSE '' END, 
				CASE WHEN t1.[source_of_match] &amp; 16 &gt; 0 THEN ',SRA' ELSE '' END,
				CASE WHEN t1.[source_of_match] &amp; 32 &gt; 0 THEN ',DataWarehouse' ELSE '' END), 2, 100) 
		 END
	END AS [ITAM Comment],
	t1.[Pyramid Supplier Name],
	t1.[Pyramid Supplier Invoice Number],
	t1.[Pyramid Supplier Invoice Date],
	t1.[Pyramid PO Number],
	t1.[Pyramid Average Montly Rental],
	t1.[Pyramid WBS Code],
	t1.[Pyramid Asset Status],
	t1.[Pyramid Country],
	t1.[Pyramid Currency],
	t1.[Pyramid Billing Frequency],
	t1.[Pyramid Export Date],
	t1.[Pyramid AMID 2],
	t1.[Pyramid End User Name],
	t1.cost_new 'Remaining Lease Stream (RLS) in USD',
	t1.[Pyramid Asset Matched],
	t1.[Pyramid asset found in AC],
	t1.[Pyramid asset found in AM],
	t1.[Pyramid asset found in DC],
	t1.[Pyramid asset found in Reconcilable data store],
	t1.[Source of Manual match]
FROM v_Pyramid t1 LEFT JOIN Pyramid t2 ON t1.asset_code_of_parent = t2.[Pyramid Asset Code]
LEFT JOIN account_regions a ON t1.[Responsible Entity Name] = a.[Responsible Entity Name]
WHERE t1.mark_for_report = 1 
AND (((t1.[Responsible Entity Name] LIKE '%capability%' OR t1.[Responsible Entity Name] IS NULL OR t1.[Responsible Entity Name] = '' OR a.[Responsible Entity Name] IS NULL) AND t1.[Pyramid Region] IN (SELECT [Pyramid Region] FROM Mapping_regions WHERE Region = 'AMS')) 
	OR (t1.[Responsible Entity Name] not like '%capability%' AND a.Region IN ('AMS')))
ORDER BY t1.[Responsible Entity Name], t1.[Pyramid Supplier Invoice Number], t1.[Pyramid Schedule Number], t1.is_child, t1.[Pyramid Equipment Type] ASC
		</QueryParent>
		<QueryDeals>SELECT ISNULL(p.[Responsible Entity Name], 'Unknown'), count(1) number, SUM(cost_new) cost
					FROM v_Pyramid p LEFT JOIN Account_regions a ON p.[Responsible Entity Name] = a.[Responsible Entity Name]
		WHERE mark_for_report = 1 AND Reported_Date IS NULL AND (matched = 1)
			AND (((p.[Responsible Entity Name] LIKE '%capability%' OR p.[Responsible Entity Name] IS NULL OR p.[Responsible Entity Name] = '' OR a.[Responsible Entity Name] IS NULL) AND p.[Pyramid Region] IN (SELECT [Pyramid Region] FROM Mapping_regions WHERE Region = 'AMS')) 
				OR (p.[Responsible Entity Name] not like '%capability%' AND a.Region IN ('AMS')))
		GROUP BY p.[Responsible entity name] ORDER BY cost desc
SELECT ISNULL(p.[Responsible Entity Name], 'Unknown'), count(1) number, SUM(cost_new) cost
					FROM v_Pyramid p LEFT JOIN Account_regions a ON p.[Responsible Entity Name] = a.[Responsible Entity Name]
		WHERE mark_for_report = 1 AND Reported_Date IS NULL AND ((is_child = 0 AND matched = 0) or matched = 2)
			AND (((p.[Responsible Entity Name] LIKE '%capability%' OR p.[Responsible Entity Name] IS NULL OR p.[Responsible Entity Name] = '' OR a.[Responsible Entity Name] IS NULL) AND p.[Pyramid Region] IN (SELECT [Pyramid Region] FROM Mapping_regions WHERE Region = 'AMS')) 
				OR (p.[Responsible Entity Name] not like '%capability%' AND a.Region IN ('AMS')))
		GROUP BY p.[Responsible entity name] ORDER BY cost desc
		</QueryDeals>
    </TaskItem>
	<TaskItem xsi:type="TaskItemQuery">
		<Name>Mark_as_reported AMS</Name>
		<Enabled>True</Enabled>
		<Query>sp_Mark_as_Reported</Query>
		<QueryType>StoredProcedure</QueryType>
		<Parameter>
			<Key>region</Key>
			<Value xsi:type="xsd:string">AMS</Value>
		</Parameter>
	</TaskItem>
</Tasks>