<?xml version="1.0" encoding="utf-8"?>
<Tasks xmlns:xsi="http://www.w3.org/2001/XMLSchema-instance" xmlns:xsd="http://www.w3.org/2001/XMLSchema">
    <LogFile>Log\Pyramid_NL_AP_{0:yyyyMMdd_hhmmss}.LOG</LogFile>
	<TaskItem xsi:type="TaskItemLoadData">
		<Name>Pyramid_load_NL_APJ</Name>
		<LoadType>CSV</LoadType>
		<DestinationTable>[dbo].[Pyramid_tmp_NL]</DestinationTable>
		<InputFile>Input\HPES_Asset_Reconciliation_Data_Weekly_Bookings_PyramidAP.csv</InputFile>
		<MonitoringName>Pyramid Load New Leases APJ</MonitoringName>
		<MonitoringId>12</MonitoringId>
	</TaskItem>
	<TaskItem xsi:type="TaskItemQuery">
		<Name>Pyramid_transform_NL_APJ</Name>
		<Enabled>true</Enabled>
		<Query>sp_Pyramid_transform_NL</Query>
		<QueryType>StoredProcedure</QueryType>
		<Parameter>
			<Key>Region</Key>
			<Value xsi:type="xsd:string">APJ</Value>
		</Parameter>
		<Parameter>
			<Key>MonitoringId</Key>
			<Value xsi:type="xsd:int">13</Value>
		</Parameter>
	</TaskItem>
</Tasks>