<?xml version="1.0" encoding="utf-8"?>
<Tasks xmlns:xsi="http://www.w3.org/2001/XMLSchema-instance" xmlns:xsd="http://www.w3.org/2001/XMLSchema">
    <LogFile>Log\AR_TH_test_load_{0:yyyyMMdd_hhmmss}.LOG</LogFile>
	
	 
	<TaskItem xsi:type="TaskItemExport">
		<Name>AR_TaskHandler Test Export</Name>
		<Enabled>True</Enabled>
		<MonitoringEnabled>False</MonitoringEnabled>
		<Query>exec [dbo].[sp_Duplicate_Report]
		</Query>
		<QueryType>Text</QueryType>
		<ExportType>Excel</ExportType>
		<TemplateFile>Templates\AR_Duplicate_template.xlsx</TemplateFile>
		<OutputFile>Output\AR_Duplicate_template_{0:MMddyyyy}.xlsx</OutputFile>
		<ArchiveDir></ArchiveDir>
		<EmailEnabled>True</EmailEnabled>
		<EmailTo>xiao.li@dxc.com</EmailTo>
		<EmailBody>Please find attached report.</EmailBody>
		<EmailSubject>This is a test {0}</EmailSubject>
		<EmailAttachmentsStr>Output\AR_Duplicate_template_export_{0:MMddyyyy}.xlsx</EmailAttachmentsStr>
		<SMTPserver>smtp-emea.svcs.hpe.com</SMTPserver>
		<SMTPport>25</SMTPport>
		<EmailFrom>ara.ams@dxc.com</EmailFrom>
	</TaskItem>
</Tasks>