<?xml version="1.0" encoding="utf-8"?>
<Tasks xmlns:xsi="http://www.w3.org/2001/XMLSchema-instance" xmlns:xsd="http://www.w3.org/2001/XMLSchema">
	<TaskItem xsi:type="TaskItemSummaryReport">
		<Name>ARA Summary Report</Name>
		<MonitoringId>42</MonitoringId>
		<MonitoringName>Summary Report Weekly</MonitoringName>
		<Enabled>True</Enabled>
		<OutputFile>Output\ARASummaryReport\ARA Weekly Summary Report {0:ddMMyyyy}.xlsx</OutputFile>
		<SheetMatched></SheetMatched>
		<SheetMapped>Total</SheetMapped>
		<TemplateFileSummaryReport>Templates\template_ARA_summary_report.xlsx</TemplateFileSummaryReport>
		<Period>week</Period>
		<SMTPserver>smtp-emea.svcs.hpe.com</SMTPserver>
		<EmailFrom>ara.ams@hpe.com</EmailFrom>
		<EmailTo>roisin.breiner@hpe.com;lubos.gajdosik@hpe.com;ara.ams@hpe.com;alexandra.simkova@hpe.com</EmailTo>
		<EmailCC></EmailCC>
		<EmailTest>False</EmailTest>
		<EmailSubject>{0} ARA Weekly summary report</EmailSubject>
		<EmailBody>FILE:Configs\body.html</EmailBody>
		<EmailBodyEmpty>
		&lt;html&gt;
&lt;head&gt;
&lt;style&gt;
&lt;!--
 /* Font Definitions */
 @font-face
	{{font-family:"Cambria Math";
	panose-1:2 4 5 3 5 4 6 3 2 4;}}
@font-face
	{{font-family:Calibri;
	panose-1:2 15 5 2 2 2 4 3 2 4;}}
 /* Style Definitions */
 p.MsoNormal, li.MsoNormal, div.MsoNormal
	{{margin:0in;
	margin-bottom:.0001pt;
	font-size:11.0pt;
	font-family:"Calibri",sans-serif;}}
.MsoChpDefault
	{{font-family:"Calibri",sans-serif;}}
.MsoPapDefault
	{{margin-bottom:8.0pt;
	line-height:107%;}}
.MsoListParagraph
	{{mso-style-priority:34;
	margin-top:0in;
	margin-right:0in;
	margin-bottom:0in;
	margin-left:.5in;
	margin-bottom:.0001pt;
	font-size:11.0pt;
	font-family:"Calibri",sans-serif;}}
@page WordSection1
	{{size:8.5in 11.0in;
	margin:1.0in 1.0in 1.0in 1.0in;}}
div.WordSection1
	{{page:WordSection1;}}
--&gt;
&lt;/style&gt;
&lt;/head&gt; 
&lt;body lang=EN-US&gt;
&lt;div class=WordSection1&gt;
&lt;p class=MsoNormal&gt;Hello,&lt;/p&gt;
&lt;p class=MsoNormal&gt;&amp;nbsp;&lt;/p&gt;
&lt;p class=MsoNormal&gt;There were no submissions last {0}.&lt;/p&gt;
&lt;p class=MsoNormal&gt;&amp;nbsp;&lt;/p&gt;
&lt;p class=MsoNormal&gt;&amp;nbsp;&lt;/p&gt;
&lt;p class=MsoNormal&gt;If you have any question do not hesitate to contact us.&lt;/p&gt;
&lt;p class=MsoNormal&gt;&amp;nbsp;&lt;/p&gt;
&lt;p class=MsoNormal&gt;Thanks in advance&lt;/p&gt;
&lt;p class=MsoNormal&gt;&amp;nbsp;&lt;/p&gt;
&lt;p class=MsoNormal&gt;BR,&lt;/p&gt;
&lt;p class=MsoNormal&gt;ARA team&lt;/p&gt;
&lt;p class=MsoNormal&gt;&amp;nbsp;&lt;/p&gt;
&lt;/div&gt;
&lt;/body&gt;
&lt;/html&gt;
		</EmailBodyEmpty>
		<HTMLDataRow>FILE:Configs\HTMLDataRow.html</HTMLDataRow>
		<QueryMappedSummary>
select P.[Responsible Entity Name], [Reported_Date],
	count(CASE WHEN p.it_rev_gen = 1 THEN 1 else NULL END) cnt_rev_gen,
	sum(CASE WHEN p.it_rev_gen = 1 THEN cost_new else 0 END) sum_rev_gen,
	count(CASE WHEN p.it_rev_gen = 0 THEN 1 else NULL END) cnt_non_rev_gen,
	sum(CASE WHEN p.it_rev_gen = 0 THEN cost_new else 0 END) sum_non_rev_gen,
	count(1) [Count], SUM(cost_new) as [RLS($)]
from v_pyramid p
join [dbo].[Account_regions] A on A.[Responsible Entity Name] = P.[Responsible Entity Name]
where P.[Reported_Date] &gt;= DATEADD(wk, DATEDIFF(wk,0,GETDATE()) - 1, 0) 
	AND P.[Reported_Date] &lt; DATEADD(wk, DATEDIFF(wk,0,GETDATE()), 0)
	and A.[Region] = 'EMEA' 
	AND is_child = 0 
group by P.[Responsible Entity Name],[Reported_Date]
Union
select 
case
	when P.[Responsible Entity Name] IS NULL then 'UNKNOWN'
	else P.[Responsible Entity Name]
end as [Responsible Entity Name],[Reported_Date],
	count(CASE WHEN p.it_rev_gen = 1 THEN 1 else NULL END) cnt_rev_gen,
	sum(CASE WHEN p.it_rev_gen = 1 THEN cost_new else 0 END) sum_rev_gen,
	count(CASE WHEN p.it_rev_gen = 0 THEN 1 else NULL END) cnt_non_rev_gen,
	sum(CASE WHEN p.it_rev_gen = 0 THEN cost_new else 0 END) sum_non_rev_gen,
	count(1) [Count], SUM(cost_new) as [RLS($)]
from v_pyramid p
where P.[Reported_Date] &gt;= DATEADD(wk, DATEDIFF(wk,0,GETDATE()) - 1, 0) 
	AND P.[Reported_Date] &lt; DATEADD(wk, DATEDIFF(wk,0,GETDATE()), 0)
	and P.[Pyramid Region] = 'EMEA'
	AND is_child = 0 
	and [Responsible Entity Name] is null
group by P.[Responsible Entity Name],[Reported_Date]
		</QueryMappedSummary>
		<QueryMatchedSummary>
		</QueryMatchedSummary>
    </TaskItem>
</Tasks>