<?xml version="1.0" encoding="utf-8"?>
<Tasks xmlns:xsi="http://www.w3.org/2001/XMLSchema-instance" xmlns:xsd="http://www.w3.org/2001/XMLSchema">
	<LogFile>Log\TEST_REPORT_NL_EMEA_{0:yyyyMMdd_hhmmss}.LOG</LogFile>
	<TaskItem xsi:type="TaskItemARMassChange">
		<Name>EMEA submission</Name>
		<Region>EMEA</Region>
		<Enabled>True</Enabled>
		<MonitoringEnabled>False</MonitoringEnabled>
		<!-- Output Files String Formatting:
			{0} = DateTime
			{1} = Number of records in files
			{2} = Region
		-->
		<OutputFileAssetGroup>Output\{1:N0} Records {2} Pyramid Mass Change Form - Asset Group - {0:ddMMMyyyy}.xlsx</OutputFileAssetGroup>
		<OutputFileSerialNumber>Output\{1:N0} Records {2} Pyramid Mass Change Form - Serial Number - {0:ddMMMyyyy}.xlsx</OutputFileSerialNumber>
		<OutputFileParent>Output\{2}_Investigation_{0:ddMMMyyyy}.xlsx</OutputFileParent>
		<!-- ArchiveDir String Formatting:
			{0} = DateTime
			{1} = Region
		-->
		<ArchiveDir>Archive\{0:yyyy-MM-dd}_Weekly</ArchiveDir>
		<SheetAssetGroup>Mass Change Form</SheetAssetGroup>
		<SheetSerialNumber>Mass Change Form</SheetSerialNumber>
		<SheetParent>Parents</SheetParent>
		<TemplateFileAssetGroup>Templates\template_pmcf_asset_group.xlsx</TemplateFileAssetGroup>
		<TemplateFileSerialNumber>Templates\template_pmcf_serial_number.xlsx</TemplateFileSerialNumber>
		<TemplateFileParent>Templates\template_report.xlsx</TemplateFileParent>
		<SMTPserver>smtp-emea.svcs.hpe.com</SMTPserver>
		<EmailFrom>ara.ams@hpe.com</EmailFrom>
		<EmailTo>patrik.kovacs@hpe.com;stefanik@hpe.com</EmailTo>
		<EmailCC>lubos.gajdosik@hpe.com</EmailCC>
		<EmailTest>False</EmailTest>
		<!-- EmailSubject String Formatting:
			{0} = DateTime
			{1} = Region
		-->
		<EmailSubject>{0:MM/dd/yyyy} New weekly leases submission to Review ({1})</EmailSubject>
		<!-- EmailBody and EmailBodyEmpty String Formatting:
			{0} = DateTime
			if QueryDeals returns one table, then:
			{1} = Table1 with data from QueryDeals
			{2} = Number of files attached
			{3} = List of files attached
			{4} = Region
			else if QueryDeals returns two tables, then:
			{1} = Table1 with data from QueryDeals
			{2} = Table2 with data from QueryDeals
			{3} = Number of files attached
			{4} = List of files attached
			{5} = Region
		-->
		<EmailBody>FILE:Configs\body.html</EmailBody>
		<EmailBodyEmpty>FILE:Configs\emptyBody.html</EmailBodyEmpty>
		<!-- Query String Formatting:
			{0} = Region
		-->
		<QueryAssetGroup>EXEC sp_Submission_AssetGroup 'w','{0}'</QueryAssetGroup>
		<QuerySerialNumber>EXEC sp_Submission_SerialNumber 'w', '{0}'</QuerySerialNumber>
		<QueryParent>EXEC sp_Submission_Investigation 'w', '{0}'</QueryParent>
		<QueryDeals>EXEC sp_Submission_PerDealSummary 'w', '{0}'</QueryDeals>
    </TaskItem>
</Tasks>