<?xml version="1.0" encoding="utf-8"?>
<Tasks xmlns:xsi="http://www.w3.org/2001/XMLSchema-instance" xmlns:xsd="http://www.w3.org/2001/XMLSchema">
	<LogFile>Log\REPORT_ADD_EMEA_{0:yyyyMMdd_hhmmss}.LOG</LogFile>
	<TaskItem xsi:type="TaskItemARMassChange">
		<Name>EMEA submission</Name>
		<Region>EMEA</Region>
		<Enabled>True</Enabled>
		<MonitoringEnabled>True</MonitoringEnabled>
		<MonitoringName>Weekly additional submission EMEA</MonitoringName>
		<MonitoringId>48</MonitoringId>
		<OutputFileAssetGroup>Output\{1:N0} Records {2} Pyramid Mass Change Form - Asset Group - {0:ddMMMyyyy}.xlsx</OutputFileAssetGroup>
		<OutputFileSerialNumber>Output\{1:N0} Records {2} Pyramid Mass Change Form - Serial Number - {0:ddMMMyyyy}.xlsx</OutputFileSerialNumber>
		<OutputFileParent>Output\{2}_Investigation_{0:ddMMMyyyy}.xlsx</OutputFileParent>
		<ArchiveDir>Archive\{0:yyyy-MM-dd}_Additional</ArchiveDir>
		<SheetAssetGroup>Mass Change Form</SheetAssetGroup>
		<SheetSerialNumber>Mass Change Form</SheetSerialNumber>
		<SheetParent>Parents</SheetParent>
		<TemplateFileAssetGroup>Templates\template_pmcf_asset_group.xlsx</TemplateFileAssetGroup>
		<TemplateFileSerialNumber>Templates\template_pmcf_serial_number.xlsx</TemplateFileSerialNumber>
		<TemplateFileParent>Templates\template_report.xlsx</TemplateFileParent>
		<SMTPserver>smtp-emea.svcs.hpe.com</SMTPserver>
		<EmailFrom>ara.ams@dxc.com</EmailFrom>
		<EmailTo>xiao.li@dxc.com</EmailTo>
		<EmailCC></EmailCC>
		<EmailBCC></EmailBCC>
		<EmailSubject>ESAA-{0:MM/dd/yyyy} Weekly additional submission to Review ({1})</EmailSubject>
		<EmailBody>FILE:Configs\body.html</EmailBody>
		<EmailBodyEmpty>FILE:Configs\emptyBody.html</EmailBodyEmpty>
		<HTMLDataRow>FILE:Configs\HTMLDataRow.html</HTMLDataRow>
		<HTMLSummaryRow>FILE:Configs\HTMLSummaryRow.html</HTMLSummaryRow>
		<QueryAssetGroup>EXEC sp_Submission_AssetGroup 'a','{0}'</QueryAssetGroup>
		<QuerySerialNumber>EXEC sp_Submission_SerialNumber 'a', '{0}'</QuerySerialNumber>
		<QueryParent>EXEC sp_Submission_Investigation 'a', '{0}'</QueryParent>
		<QueryDeals>EXEC sp_Submission_PerDealSummary 'a', '{0}'</QueryDeals>
    </TaskItem>
	<TaskItem xsi:type="TaskItemQuery">
		<Name>Mark_as_reported EMEA</Name>
		<Query>sp_Mark_as_Reported</Query>
		<QueryType>StoredProcedure</QueryType>
		<Enabled>True</Enabled>
		<Parameter>
			<Key>type</Key>
			<Value xsi:type="xsd:string">a</Value>
		</Parameter>
		<Parameter>
			<Key>region</Key>
			<Value xsi:type="xsd:string">EMEA</Value>
		</Parameter>
	</TaskItem>
</Tasks>